Nom du Produit,Categorie,Quantite,Prix Vente,Fournisseur,Mark,Tube,Description
ACCENT,Covers,0,0,Chine,Accent,0,
ACCENT NOUVEAU,Covers,0,0,Chine,Accent,0,
ATROCE,Covers,0,0,Chine,,0,
AUDIA 3 (0254),Chauffage,0,0,Chine,Audi,0,
CADDY,Covers,0,0,Chine,Volkswagen�,0,
CANTIR BOUCHON ,Covers,0,0,Chine,,0,
CHAUFAGE DAUCKER (PH0230),Chauffage,0,0,Chine,Dacia,0,
CITROEN CHANTiA (X2),Chauffage,0,0,Chine,Citroen,0,
CLACK,Covers,0,0,Chine,,0,
CLACK THTANYA,Covers,0,0,Chine,,0,
DACIA DUSTER (PAD130),Chauffage,0,0,Chine,Dacia,0,
DAF,Covers,0,0,Chine,,0,
AUDI A3 LIMOUSINE (8VS. 8 VM),Chauffage,0,0,Chine,Audi,0,
DOBLO TAXI,Covers,0,0,Chine,Fiat,0,
DOBLO TAXI T,Covers,0,0,Chine,Fiat,0,
FIAT DUCTO (0315) ,Chauffage,0,0,Chine,Fiat,0,
FIAT PUNTO ; IDEA (0203),Chauffage,0,0,Chine,Fiat,0,
FIAT UNO,Covers,0,0,Chine,Fiat,0,
FORD FISTA IV ,Chauffage,0,0,Chine,Ford,0,
GOLF 2,Covers,0,0,Chine,Volkswagen�,0,
GOLF 4,Covers,0,0,Chine,Volkswagen�,0,
GOLF CADDY,Covers,0,0,Chine,Volkswagen�,0,
GWADA,Covers,0,0,Chine,,0,
Hyundai H_100,Covers,0,0,Chine,Hyundai,0,
Hyundai H-1,Covers,0,0,Chine,Hyundai,0,
Hyundai TUSCON,Chauffage,0,0,Chine,Hyundai,0,
Hyundai ACCENT,Chauffage,0,0,Chine,Hyundai,0,
Hyundai IX 35,Chauffage,0,0,Chine,Hyundai,0,
Hyundai  SANTA FE III,Chauffage,0,0,Chine,Hyundai,0,
Hyundai PORTER,Chauffage,0,0,Chine,Hyundai,0,
Hyundai I-10,Covers,0,0,Chine,Hyundai,0,
ISUZU NPR,Covers,0,0,Chine,Isuzu,0,
KIA PICANTO,Covers,0,0,Chine,Kia,0,
KIA PICANTO,Chauffage,0,0,Chine,Kia,0,
MEGAN,Covers,0,0,Chine,Megan,0,
MERCEDES 103.204,Covers,0,0,Chine,Mercedes,0,
MERCEDES 190,Covers,0,0,Chine,Mercedes,0,
MERCEDES 190,Chauffage,0,0,Chine,Mercedes,0,
MERCEDES 203 RKIKA,Covers,0,0,Chine,Mercedes,0,
MERCEDES 204,Covers,0,0,Chine,Mercedes,0,
MERCEDES A TROIS ,Covers,0,0,Chine,Mercedes,0,
MERCEDES C CLASSE  CLS,Chauffage,0,0,Chine,Mercedes,0,
MERCEDES C-CLASS,Chauffage,0,0,Chine,Mercedes,0,
MERCEDES CLASS C,Covers,0,0,Chine,Mercedes,0,
MERCEDESS 211,Covers,0,0,Chine,Mercedes,0,
NISSAN EXTRIAL,Covers,0,0,Chine,Nissan,0,
PALIO DIESEL ,Covers,0,0,Chine,Fiat,0,
PARTNER NV,Covers,0,0,Chine,Peugeot,0,
PEUGEOT 206 CC,Chauffage,0,0,Chine,Peugeot,0,
PEUGEOT 3008 . 5008,Chauffage,0,0,Chine,Peugeot,0,
PEUGEOT 301,Covers,0,0,Chine,Peugeot,0,
PEUGEOT 301 TURBO,Covers,0,0,Chine,Peugeot,0,
PEUGEOT 306,Chauffage,0,0,Chine,Peugeot,0,
PEUGEOT 308,Chauffage,0,0,Chine,Peugeot,0,
PEUGEOT 406,Covers,0,0,Chine,Peugeot,0,
RANGE ROVER SPORT,Chauffage,0,0,Chine,Land rover,0,
RENAULT 19 TURBO,Covers,0,0,Chine,Renault,0,
RENAULT CLIO GRANDTOUR IV 0.9,Chauffage,0,0,Chine,Renault,0,
RENAULT CLIO II,Chauffage,0,0,Chine,Renault,0,
RENAULT ESPACE TWINGO,Chauffage,0,0,Chine,Renault,0,
RENAULT KANGOO II,Chauffage,0,0,Chine,Renault,0,
RENAULT VEHECULE ,Covers,0,0,Chine,Renault,0,
RENAULT,Covers,0,0,Chine,Renault,0,
RANGE ROVER DISCOVERY V (L462) 2.0,Chauffage,0,0,Chine,Land rover,0,
SEAT AROSA ,Chauffage,0,0,Chine,Seat,0,
SEAT TOLIDO II,Covers,0,0,Chine,Seat,0,
TOYOTA COROLA,Covers,0,0,Chine,Toyota,0,
TOYOTA HILUX,Covers,0,0,Chine,Toyota,0,
TOYOTA HILUX (BIKOB),Covers,0,0,Chine,Toyota,0,
VOLVO FH III,Chauffage,0,0,Chine,Volvo,0,
VOLVO TWILA,Covers,0,0,Chine,Volvo,0,
VW  GOLF V,Chauffage,0,0,Chine,Volkswagen�,0,
VW TIGUAN,Chauffage,0,0,Chine,Volkswagen�,0,
X,Covers,0,0,Chine,,0,
Y,Covers,0,0,Chine,,0,
ISUZO NPR,Covers,0,0,Chine,Isuzo,0,,
REUNAULT,Covers,0,0,Chine,Renault,0,,
KIA PIKANTO,chauf,0,0,Chine,Kia,0,,
RANGE ROVER SPORT,chauf,0,0,Chine,Land rover,0,,
HYUNDAI TUSCON,chauf,0,0,Chine,Hyundai,0,,
AUDI A3 LIMOUSINE,chauf,0,0,Chine,Audi,0,,
FIAT DUCTO,chauf,0,0,Chine,Fiat,0,,
ACCENT,Covers,0,0,Chine,Accent,0,,